check,status,detail,source,observed_at
dns,pass,Public DNS resolved,,2026-09-27T06:25:06.637238+05:30
domain_registration,pass,Domain registered,,2026-09-27T06:25:06.637245+05:30
tls,pass,TLS certificate valid,,2026-09-27T06:25:07.302640+05:30
http,pass,Probe 1: HTTP 200 at https://www.bncoe.net/,https://www.bncoe.net/,2026-09-27T06:25:12.400281+05:30
http,pass,Probe 2: HTTP 200 at http://www.bncoe.net/,http://www.bncoe.net/,2026-09-27T06:25:12.400298+05:30
http,pass,Probe 3: HTTP 200 at https://www.bncoe.net/,https://www.bncoe.net/,2026-09-27T06:25:12.400318+05:30
http,pass,Probe 4: HTTP 200 at http://www.bncoe.net/,http://www.bncoe.net/,2026-09-27T06:25:12.400322+05:30
phone,pass,Published phone: 0950635027,https://www.bncoe.net/,
phone,pass,Published phone: 0950635027,http://www.bncoe.net/,
phone,pass,Published phone: 0950635027,https://www.bncoe.net/,
phone,pass,Published phone: 0950635027,http://www.bncoe.net/,
page_text,fail,Only 80 visible characters across 4 pages; below substance threshold 200,https://www.bncoe.net/,
